AgentID,Name,Email,AssignedRegion,PhoneNumber,OfficeLocation,YearsOfExperience,PerformanceRating
1,Roger Anderson,james50@example.net,North,483.675.0251,Smithfurt,6,4.8
2,Brian Clarke,glennbelinda@example.net,South,846.588.8816x670,Craneburgh,22,1.5
3,Steve Martinez,sierracarpenter@example.org,East,7363516225,Martinezville,14,3.2
4,Joseph Bailey,clarkheidi@example.net,North,(274)853-9849x741,Diazview,15,4.0
5,Jennifer Marquez,wayneellis@example.org,West,+1-403-351-5850,Jenniferton,1,4.3
6,Paul Carlson,steven21@example.org,South,+1-834-498-5187x0944,Sherrystad,9,3.9
7,Amy Romero,paynejoe@example.com,West,+1-460-868-2095x52763,Marioport,22,1.1
8,Ryan Floyd,andrewfisher@example.net,West,001-714-948-0297x27445,Rodriguezmouth,3,4.5
9,Danielle Wilson,christina78@example.org,East,769.420.3121x35004,Joelville,21,4.8
10,Christine Stokes,douglasroach@example.org,North,(224)499-2015x60638,Johnton,17,1.4
11,Brendan Brown,robert84@example.net,South,787-323-1555,Wendyville,22,2.1
12,Kent Collins,stephengonzalez@example.org,South,597-368-8992,Romanstad,10,1.2
13,Corey Smith,victoriaday@example.org,West,+1-207-532-3437,Lake Evan,13,2.1
14,Melanie Myers,lauren62@example.org,West,723-777-5407x10503,South Gracestad,15,3.1
15,Daniel Fleming,anthonywilkins@example.com,North,(399)760-6424x260,Lorihaven,22,2.8
16,Tyrone Doyle,kbowers@example.com,East,+1-308-258-5530,Matthewfort,21,1.1
17,Kelly Henry,vjackson@example.com,West,4855300538,New Elaineland,4,1.5
18,Jennifer Young,fcarey@example.com,North,7264934396,Timothyland,21,1.6
19,Troy Phillips,allisonheather@example.net,East,316.703.9535,East Jacob,12,2.1
20,Katie Miller,oconnorkyle@example.net,West,001-259-532-4074,Charleshaven,20,4.0
21,Christine Watkins,kathy83@example.org,West,+1-670-880-1254,Kennethmouth,2,3.7
22,Natalie Calderon,sarajohnson@example.com,West,(497)347-1493,Chenberg,24,1.1
23,Patricia Garcia,mwilliams@example.net,West,638-690-5723x46497,North Kimberlyville,23,4.9
24,Amy Robertson,lindsay17@example.net,South,437.793.1564x6964,Samanthachester,25,2.7
25,William Wright,miguelrasmussen@example.com,East,936.954.2827x6658,West Nancy,21,1.1
26,Elizabeth Phillips,glee@example.com,South,+1-736-841-7827x23346,Douglasborough,22,1.0
27,Jacqueline Mendoza,breed@example.org,West,400-960-0201x64640,Roberthaven,6,3.9
28,Misty Camacho,alicia98@example.com,East,646.927.8305x157,Kingberg,4,4.5
29,Andrew Giles,george29@example.com,North,902.693.0356x8569,Annmouth,12,3.2
30,Jonathan Reynolds,david30@example.net,East,815-625-2504,Payneborough,20,3.1
