CustomerID,Name,Email,PhoneNumber,DateOfBirth,Address,City,State,ZipCode
1,Clinton Pugh,andrewpreston@example.org,+1-393-664-1301,1974-07-21,4812 Jones Spur,Johnsonport,California,14221
2,Wanda Hatfield,hcaldwell@example.com,566-934-7809x8831,1972-01-30,79246 Horton Throughway Apt. 982,North Colleenmouth,Massachusetts,61976
3,Mary Morales,mathewgarner@example.net,+1-982-895-2801x9122,1997-10-04,801 Mckinney Lodge Suite 060,West Michaelville,South Dakota,35555
4,Joseph Russell,svasquez@example.org,791-287-8289x795,1967-12-18,643 Nicholas Wells,New Brian,Vermont,17582
5,Richard Alvarez,mitchellmaria@example.net,899.877.6600x275,1971-05-25,158 Jeffrey Heights Apt. 022,East Michellemouth,Arkansas,89140
6,Loretta Henderson,tmarks@example.org,664-559-5933,1955-08-22,0537 Harris Vista Apt. 324,Jonathanton,Arizona,90614
7,Ms. Brenda Reid,arice@example.org,216-531-6059x642,1974-10-25,6116 Ellis Road,Antonioshire,Illinois,04182
8,Brittany Lewis,emilyfoster@example.org,(680)897-6429x17500,1983-03-27,97647 Schneider Stream Suite 113,Floresview,Hawaii,86363
9,Ryan Ayers,smithdiana@example.com,001-705-324-6609x36358,1967-04-08,81012 Daniel Via,Johnsonland,Massachusetts,26127
10,Brent Harris,hooverjared@example.com,683-826-6077x079,1978-05-02,22173 Perez Estates,Weekshaven,Kansas,90598
11,Emily Sanchez,linda74@example.net,+1-546-204-0253x663,1957-07-29,62592 Alvarez Turnpike,Steinfurt,New Hampshire,88329
12,Stephanie Wheeler,james52@example.net,(937)696-8294,1966-09-06,6137 Herring View Suite 065,Kellystad,North Dakota,69514
13,Amy Johnson,wendy75@example.net,(944)407-3402x840,1991-09-09,6569 Gilmore Ports Suite 589,South Toddshire,Alaska,90305
14,Mrs. Brittany Jackson DDS,tbradley@example.net,+1-692-603-5739x670,1990-05-03,503 Chambers Centers Apt. 674,Clarkport,Montana,96074
15,Timothy Ashley,waderose@example.net,268-221-3398x59743,1967-10-01,025 Savage Via,Guzmanberg,Colorado,07868
16,Devon Smith,omartin@example.net,543-475-7769,1960-07-21,0510 Terri Terrace Apt. 716,North Keith,Maine,38528
17,David Campos,briannarichards@example.net,946-553-7977x384,1956-08-03,702 Wilkinson Lake Apt. 905,North Stacey,Delaware,84284
18,Patrick Glenn,shill@example.org,(407)559-4097,1989-07-05,2471 Johnson Inlet Apt. 966,Edwardville,Massachusetts,04609
19,Jacob Hunter,anna73@example.net,+1-742-453-4436x8561,1959-12-10,38495 Walters Ways Apt. 448,Shellybury,Louisiana,18482
20,Mark Ruiz,timothylyons@example.net,001-201-512-4925x7496,1969-08-20,449 Henry Landing Suite 320,Bryanttown,Wisconsin,79250
21,Sarah Escobar,heatherdaniel@example.net,976.977.0262,1967-10-23,26551 Stephanie Forks,Stevefurt,Missouri,30862
22,Anna Green,andrefranklin@example.com,898.854.4910x6229,1951-08-31,50570 Clayton Trail,East Elizabeth,Nevada,35994
23,Christopher Singh,kevinalexander@example.com,988-873-9735x0234,1954-08-11,6133 Ryan Stream,North Victoriaton,Vermont,61442
24,Lawrence Fuller,jeremy80@example.net,001-496-436-5427,1962-03-16,457 Hill Orchard Suite 876,Coleborough,Wyoming,10901
25,Emily Ortiz,ldavis@example.org,358.716.1973x544,1970-11-09,193 Brenda Camp,Sandraland,Georgia,68557
26,Gregory Thompson,julieholmes@example.org,596.649.5139,1994-04-02,002 Larry Crossroad,Brittanyland,Maryland,35409
27,Mitchell Weber,qcasey@example.org,280-785-6568x686,1956-09-25,291 Miller Track,Port Alyssaview,Minnesota,78989
28,Christopher Wise,bartlettpatricia@example.com,001-786-592-4936,1985-06-10,3034 Seth Orchard Suite 528,Leemouth,Virginia,19770
29,Keith Roberts,tylerkelsey@example.org,4126907862,1954-12-17,098 Williams Passage,Andrewchester,New Hampshire,23618
30,Angel Gonzalez,stephanie65@example.net,885.884.2445,1981-03-05,70480 Davis Neck,Hodgeland,Pennsylvania,39781
31,Jesse Douglas,wstephens@example.com,263.382.8226,1953-12-23,132 John Cliffs,Stephanieville,Florida,67107
32,Todd Wood,tharrington@example.org,641-657-8631,1978-06-20,2953 Tracy Mountain Suite 815,East Rogershire,Indiana,89145
33,Alexander Hill,thorntonnicole@example.net,9142845890,1956-09-19,17008 Mitchell Route Apt. 544,Blakeside,Nebraska,85678
34,Richard Brown,rachelaustin@example.org,378.936.6852x8594,1997-08-14,3185 Jones Via Apt. 204,Brittanyshire,New York,48727
35,Kevin Evans,timothy97@example.com,999.987.1458x000,1966-04-27,94390 Alexandra River,Port Lisa,Utah,07918
36,Jason Dixon,scurry@example.com,(806)827-6590,1983-01-10,7660 Bradley Brooks Apt. 519,North Jesseville,New Jersey,40020
37,Robert Hamilton,sethreynolds@example.net,7842082242,1972-10-07,3293 Benson Manor,New Ginaview,South Carolina,14710
38,Christian Brooks,rachel02@example.org,(849)928-4923x89915,1993-08-19,29354 Kelli Island,Lake Albertfurt,New Mexico,82736
39,James Hawkins,dchandler@example.com,001-393-394-7948x50390,1959-08-27,92249 Walker Valleys,Jessicabury,Mississippi,23532
40,Amy Beck,qwright@example.org,615.405.4021,1998-03-25,193 Andrew Ridge,Kingberg,California,60750
41,Andre Kent,rebeccariley@example.org,(863)457-1866x226,1985-06-08,3310 Steven Expressway Suite 078,South Johnnymouth,Nebraska,11761
42,Emma Walker,bhall@example.net,+1-502-977-2929x93153,1958-02-23,580 Tyler Lake Suite 210,Port Chrisburgh,North Carolina,97826
43,Brooke Marsh,rvasquez@example.com,440.462.8501x77348,1965-02-01,63393 Stephen Dale Suite 467,East David,Delaware,86452
44,Tricia Huynh,fmartinez@example.net,+1-726-359-2192x8976,1957-04-10,894 Wilson Locks Apt. 083,North Jessicafurt,Iowa,52556
45,Kaitlin Avila,paustin@example.com,581-833-7626x9664,1977-08-23,1695 Dawson Roads Suite 039,South Justin,Minnesota,26663
46,Kathleen Johnson,eddie11@example.com,+1-799-443-9963x756,1955-11-13,341 Harris Orchard,Port Kendraland,Wyoming,92529
47,Jeremy Davis,david01@example.net,420-674-3424,1958-05-23,67420 Case Walks,North Nicholas,Missouri,93489
48,Michael Smith,smartin@example.org,+1-254-871-4732,1960-12-30,417 Banks Rapids,Bowersmouth,Kansas,19682
49,Derek Davis,barkerchristine@example.org,001-363-864-2800x6061,1975-07-12,4363 Hudson Square,East Dannyburgh,New Mexico,41812
50,Elizabeth Cline,wwise@example.net,469.830.7611,1955-02-08,58137 Michelle Brook Apt. 686,Saraside,Hawaii,94335
51,Sara Malone,lwright@example.org,001-359-810-2179x514,1967-11-11,774 Grant Shores,Raymouth,Ohio,88358
52,Sherry Jacobson,jacquelinesmith@example.org,424-387-8063x1321,1984-12-26,1718 Campbell Plains Suite 828,South Justinborough,North Carolina,29529
53,Judy Scott,megan13@example.org,001-812-410-1270,1972-05-14,1479 Danielle Stream,New Isabelchester,Oklahoma,16302
54,Joseph Maynard,morrisjeffrey@example.com,737-267-3885,1979-03-15,553 Anthony Plains,East Melissa,Indiana,09652
55,Scott Newman,dylan03@example.com,+1-848-210-0865x482,1957-05-23,466 Derek Squares Apt. 884,North Sean,Maryland,38614
56,Bruce Green,kristina82@example.com,(354)383-1979,1983-10-27,0042 Short Orchard Apt. 976,Smithport,Arkansas,00779
57,Stephanie Rivera,yray@example.net,906.326.0556x88284,1985-02-19,5487 Wood Motorway,Andreaville,California,20286
58,Connor Banks,zevans@example.com,790.642.4972,1956-12-10,617 Martinez Fields Apt. 290,Barnesfurt,Nebraska,34569
59,Johnny Frazier,ameyer@example.net,001-895-605-5674x47466,1958-02-10,2523 Christopher Fields,Jamesmouth,New York,75420
60,Michael Jones,hendersonjohn@example.com,001-619-989-2355,2000-02-05,9659 Day Stream,New Stacie,Idaho,20977
61,Amber Harris,simmonsjoel@example.net,(730)841-2655x97087,1995-08-03,258 Mary Road,Lake Lisa,Illinois,94020
62,Taylor Lewis,robertelliott@example.net,208.476.8333x711,1967-12-27,2894 Lisa Courts,Banksberg,Minnesota,28188
63,Michael Novak,isaachardin@example.org,854.828.7103,1980-01-08,4427 Andrea Expressway,West Carlosmouth,Louisiana,93136
64,Molly Ashley,rubiocharles@example.net,5606716230,1959-03-06,61652 Kirby Island,Kelseymouth,California,33675
65,Jimmy Taylor,qanderson@example.net,2158280225,1963-07-25,580 Ricardo Burgs Apt. 394,Katieland,Utah,08424
66,Janice Bailey,alicialeon@example.net,001-926-606-1677x572,1962-08-05,629 Torres Freeway,Kevinmouth,Indiana,61127
67,Leslie Serrano,bfletcher@example.net,750-733-1326,1965-12-23,1434 Ray Burg Apt. 131,West Debra,Montana,80201
68,Lori Walters,dominicsparks@example.com,+1-776-473-9453x39168,1954-01-19,11149 Ashley Streets Apt. 552,Danielleview,Kansas,51710
69,Nicholas Donaldson,pkidd@example.org,(740)546-8542x93470,1981-07-09,2750 Miller Freeway Suite 076,West Charles,Arizona,48940
70,Debra Hardy,steven62@example.com,508-728-4077x2740,1950-06-05,79875 Davis Shoal,East Mark,Illinois,86518
71,Shannon Adams,kimberlysmith@example.com,(461)575-7245,1960-12-08,828 Daniel Square Apt. 917,South Michelle,Wisconsin,99197
72,Jamie Stewart,graymond@example.com,(240)377-7862x715,1958-12-29,817 Melissa Fields,Powelltown,Wisconsin,78531
73,Mary Jackson,whitelori@example.net,001-463-209-1464x72949,1996-01-07,1190 Jennifer Grove Suite 150,Melanieberg,Rhode Island,91551
74,Nichole Gay,sbrooks@example.com,201.323.7709,1971-06-16,961 Owen Port,Orozcohaven,Massachusetts,66025
75,Tara Adams,nthomas@example.org,848.219.5101x57261,1986-12-16,84779 Stevens Well,Pamelaview,New Hampshire,77276
76,Robert Miller,carloshunt@example.com,001-666-578-5872x96184,1969-07-02,1974 Julie Street,North Beverlyberg,Virginia,50677
77,Daniel Parks,david16@example.net,(733)200-5348x0707,1986-06-28,0584 Charles Isle,East Edgarview,Maryland,19091
78,Cynthia Moore,angelabaker@example.com,+1-296-751-2412x8589,1990-02-12,388 Cabrera Trace,Clarkview,Idaho,13184
79,Jonathan Norris,pcastro@example.org,569.491.1794x48368,1962-04-24,278 Alexandria Pass Apt. 713,Larsonport,Massachusetts,97899
80,Joshua Hampton,parker61@example.com,960-825-5336,1989-09-27,65912 King Neck Suite 393,West Kendrabury,West Virginia,73588
81,Miguel Barton,zharrington@example.net,4297825876,1981-06-12,034 Andrew Junction Apt. 561,East Conniefort,Nebraska,74533
82,Jamie Gray,lauren14@example.com,688.330.1540x54575,1952-07-16,797 Courtney Route Apt. 645,Port Steven,Illinois,13509
83,Joseph Hill,elizabethbrown@example.net,800-381-7855x651,1992-03-18,79162 Roger Rest Suite 407,Port Aimee,Tennessee,09241
84,Danielle Lee,brooke97@example.net,001-422-411-9172x55803,1956-06-01,589 Sara Fall,Nolanton,Nebraska,86841
85,Michael Franco,longjennifer@example.net,726.566.6441x000,1950-12-19,1306 Clark Ways,Evelynchester,Alabama,43988
86,Jessica Graves,priceheather@example.com,001-373-786-5069x82731,1973-06-14,743 Shane Drive,Thomaschester,Texas,65970
87,Jeffrey Ortiz,clementsjonathan@example.net,+1-688-431-7384,1983-09-10,618 Nicholas Lane Apt. 150,Kirbyville,Iowa,27451
88,Todd Brown,wintersjason@example.com,673-860-5239x20363,1952-05-01,822 Nicole Pike Apt. 608,Lake Nicoleview,Wyoming,41862
89,Donald Craig,martinezmark@example.org,357-764-0561x7287,1974-07-09,3386 Suarez Station Suite 862,South Davidtown,Colorado,51011
90,Felicia Rivas,stephanieflynn@example.com,4302058892,1996-07-21,64145 Bullock Prairie,Jenningsfurt,Illinois,32876
91,Phillip Pacheco,valeriehood@example.org,(335)433-1972,1987-06-15,678 Rachael Expressway Suite 739,Katherineside,Maryland,06722
92,Christopher Smith,keith50@example.org,3024063674,1999-05-02,4872 Roger Walk,East Kimberly,Mississippi,35341
93,Alison Simpson,bryantjacob@example.net,(820)397-1873,1977-07-02,75863 Jones Estates Apt. 941,Sonyaberg,North Carolina,32669
94,Emily Love,jerrychen@example.org,5964095704,1980-06-04,522 Durham Brooks,Joshuaside,Arizona,27425
95,Daniel Lin,kristenfoster@example.net,001-239-392-1386x262,1976-08-10,6923 Taylor Crescent,North Helen,North Dakota,10379
96,Stephanie Webster,richardtate@example.org,+1-472-636-4394x046,1973-01-18,29907 Ortega Squares Apt. 368,Gregoryfurt,Alaska,17944
97,Nicholas Lane,kathyhayes@example.net,981-316-1188x865,1964-06-17,92751 Mcdonald Drive Apt. 061,North Alexander,Delaware,98098
98,John Anderson,paul76@example.org,+1-650-368-7462,1979-12-27,58735 Wallace Trace,Kentmouth,Utah,10972
99,James Evans,danielsmatthew@example.org,380.876.4132x5070,1986-02-16,01965 Black Falls Suite 283,Michellestad,Georgia,01169
100,Lindsey Robinson,laurajimenez@example.net,+1-648-815-7140,1994-09-09,161 Noah Crossroad Apt. 790,New Christopherland,Iowa,61718
101,April Sparks,ylewis@example.net,(562)216-9658,1991-04-01,8855 Cruz Knolls,West Paulburgh,Hawaii,88556
102,Courtney Sosa,valerieshelton@example.com,293.279.3693,1972-01-16,357 Sheila Squares Suite 959,Catherinemouth,New Hampshire,17468
103,Jennifer Jones,ulopez@example.net,9337145396,1978-07-07,7451 White Trail Apt. 122,South Vickieberg,Nebraska,86981
104,Mr. Adrian Hernandez MD,qwalsh@example.com,(619)402-8177,1975-01-12,477 Howard Dale Suite 911,New Christine,Nevada,72841
105,Abigail Bailey,jprice@example.net,479-439-1938,1957-05-14,8099 Rose Mission Suite 589,New Calebshire,Nevada,72479
106,Jessica Williams,osbornemichelle@example.net,813.295.4862,1962-11-12,0491 Nichols Coves,Washingtonburgh,Arkansas,53379
107,Jill Fields,wallssusan@example.net,809-533-2144,1976-08-02,309 Webb Cove,Port Traceyburgh,Indiana,50443
108,Don Richardson,loweryleslie@example.net,001-496-866-8556x5790,1983-05-01,6215 Christy Divide Suite 439,West Ryanshire,Indiana,27952
109,Kelsey Pearson,laurieorozco@example.org,(700)693-8942x4400,1980-06-13,3608 Richard Plains,New Lisaborough,Michigan,52563
110,Walter Smith,robin33@example.org,879-316-4974,1976-09-02,8331 Webb Village,Jonesstad,Michigan,84212
111,Kevin Ward,lyonsalice@example.org,+1-978-613-8253x8438,1981-06-01,10309 Brett Summit,Kingberg,Texas,94840
112,Andrew Palmer,jacqueline66@example.net,(619)242-2677x30108,1978-02-26,0803 Harris Forge Suite 405,Lake Roberttown,South Dakota,47329
113,Gerald Hobbs,sean34@example.org,7336587973,1986-12-29,544 Donna Turnpike Apt. 209,Lake Matthewhaven,Montana,60397
114,Jacqueline Lam,yvettethomas@example.org,+1-505-553-0238x93879,1980-09-09,244 Strong Cove,South Amy,West Virginia,36761
115,Amy Lopez,christiananderson@example.org,(408)835-8440,1998-07-21,4306 Lee Roads,South Thomas,Florida,43271
116,Kimberly Brewer,bryanwolfe@example.net,677-655-8872,1963-10-27,41274 Robert Views Suite 049,Port Jillstad,Georgia,47969
117,Denise Stephenson,brady71@example.com,441-335-6731x57285,2000-11-05,2372 Mark Harbor,Port Jeff,Nevada,12336
118,Nathan Frey,gutierrezkimberly@example.com,+1-406-909-0610x668,1982-10-01,1908 Jason Hills,Jamesberg,Washington,70913
119,Charles Ryan,whitecameron@example.org,578.745.7180,1951-05-04,6066 Stephanie Streets Suite 609,Stephanieport,Illinois,02971
120,Michael Vega,patrick84@example.com,795-727-4485x1235,1987-07-30,22249 Elizabeth Land,East Brandonside,Tennessee,02891
121,Jacob Stark,imorris@example.com,794.230.1200x7112,1978-12-23,68963 Miller Passage Suite 684,Guerrerohaven,Michigan,08385
122,Paul Ramos,edwardsmichael@example.com,(746)591-5878,1986-02-05,0623 Dean Greens,Vickieside,Nebraska,29943
123,Heather Nguyen,beverlybraun@example.com,001-225-907-7552,1952-08-15,11774 Murphy Way,Kingside,Connecticut,03871
124,Aaron Jones,patriciavargas@example.net,878-606-4912x27998,1991-06-25,9619 Helen Freeway,South Patriciatown,Maine,72864
125,Pamela Rodriguez,ryan54@example.net,001-304-647-3824x244,1991-01-21,5777 Brandon Mews,Port Adrianaville,Nebraska,02270
126,Renee Mcdowell,lindsey58@example.org,891.569.9993,1966-07-08,29700 Maureen Stravenue,Rodriguezside,Oregon,86973
127,Lisa Carlson,martinrita@example.com,(945)738-0057x383,1990-12-11,95165 Stewart Causeway Suite 343,New Jessicaland,South Dakota,27018
128,Shannon Pearson,michelle16@example.org,817.564.2760x843,1969-08-27,32587 Jesse Streets Apt. 570,Jonathanville,Idaho,28705
129,Hunter Jackson,bryan34@example.com,001-993-814-4353x1159,1986-09-27,40354 David Plaza Apt. 043,Williamton,Delaware,57852
130,Christine Allen,regina49@example.org,660.925.1966,1985-01-27,3763 Perez Rue Apt. 536,East Tonyberg,Delaware,17668
131,Andrew Chase,brian82@example.org,(626)950-5751x498,1975-02-16,366 Mary Glen Apt. 707,Wrightport,Delaware,46433
132,Lauren Thomas,douglasmora@example.com,+1-564-303-9849x147,1954-01-21,625 Barrera Fort,Frankmouth,Virginia,05075
133,Aaron Walter,sandra72@example.org,+1-979-289-0878x821,1995-09-30,24419 Andrea Trail,Barrerafurt,Delaware,46452
134,Sandra Williams,spearson@example.org,(556)412-0439,1971-07-01,57569 Brown Harbors Suite 500,Lake Daniel,New Jersey,01455
135,Victoria Sutton,nathanielpennington@example.org,928-360-3916x593,1953-01-29,4980 Rachel Drive Suite 337,New Audreybury,Connecticut,44778
136,Carol Hall,zachary03@example.org,603-247-3155x908,1952-02-17,97936 Hensley Plaza,Chrisview,Arkansas,70575
137,Mariah Smith,zacharygriffin@example.org,+1-389-720-0267,1987-03-31,430 Park Village Suite 008,Lake Jacob,Mississippi,15242
138,Kevin Burch,pedrocollins@example.net,+1-850-642-6718x46625,1980-10-18,96461 Daniel Square Apt. 652,Perryhaven,Florida,96732
139,Tiffany Robertson,mikaylawalker@example.org,973.315.4406x27045,1988-02-27,97419 Dave Mews,West Jenniferfurt,Maryland,33148
140,Timothy Stark,mooreclifford@example.net,781.374.0505,1995-02-19,16829 Rojas Estates,Katelynland,Ohio,91176
141,Patricia Reyes,uhays@example.net,+1-998-726-0406x6081,1952-09-30,333 James Stravenue,Veronicafurt,South Dakota,81097
142,Elizabeth Smith,josephmontgomery@example.org,(985)752-5291,1982-06-25,50132 Miller Way,Smithmouth,Indiana,90583
143,Robert Johnson,gabriella28@example.net,507.537.5994x407,2000-04-06,76501 Judy Green,Port Jonathan,Wyoming,99808
144,Derrick Farley,kellyphillips@example.net,8242179097,1989-10-03,56040 Karen Circle,Lake Mauriceport,Indiana,19945
145,Richard George,plarson@example.org,(635)516-5150x772,1975-02-06,403 Martin Ramp Suite 504,North Christopher,Wyoming,43437
146,Sandra Edwards,mcconnellrichard@example.org,(699)651-4932x438,1955-05-04,82338 Douglas Port,North Craigport,Nebraska,71638
147,Alexandra Johnson,deborah44@example.org,001-421-623-6665x055,1965-09-16,852 Schmidt Haven,East Jefferyport,West Virginia,80807
148,Rebecca Cain,quinnjonathan@example.net,921.357.3675,1999-04-24,54659 Brian Ways,Christopherland,Florida,29692
149,Kim Lewis,greenestephanie@example.org,552-764-4700x61810,1996-03-16,6179 Shea Crescent Apt. 700,Brittanyburgh,Florida,50593
150,Krystal Smith,uowen@example.net,001-488-858-2126x1438,1967-10-03,47609 Luna Walk,New Ginaton,Alabama,89850
151,Antonio Hawkins,aguilarjoseph@example.org,001-608-219-4368x31746,1980-02-09,9017 Miller Dale Suite 499,Heathmouth,Hawaii,07594
152,Justin Gomez,leblancautumn@example.net,512.512.6355x0139,1987-01-11,139 Pacheco Bridge,Littleport,Wyoming,18430
153,Derrick Gray,josepetersen@example.com,+1-880-409-6816x753,1973-02-07,378 Hannah Fall,West Linda,Ohio,42167
154,Randall Barry,palmerscott@example.org,(759)235-9336,1964-07-20,4903 Murray Groves Apt. 765,New Annamouth,Arizona,27251
155,Dennis Mitchell,aguirrecraig@example.com,+1-604-274-5744x562,1953-11-06,066 Kenneth Center,Smithtown,Nevada,18303
156,Mr. Darren Mcmillan,nlam@example.net,689-674-5758x610,1965-08-22,5215 Andrews Ford,Angelastad,Oklahoma,85800
157,Kirsten Green,angelaferguson@example.com,612.707.9320x707,1987-07-14,16320 Brittany Village,Campbellside,California,36862
158,Kevin Martin,rwilson@example.com,(973)647-0233x62466,1983-10-24,6718 Brown Highway,North Carmen,California,36979
159,Debra Farrell,brooksholly@example.org,+1-535-374-2328x3353,1953-05-07,1621 Nicole Estates,Port Robertshire,Oregon,19809
160,Alexandra White,melissarodriguez@example.net,490.671.3372x3126,1959-09-13,253 Katherine Mission,Ramosberg,Illinois,95600
161,Natalie Morgan,yschneider@example.org,(363)350-2676x7307,1973-02-27,59009 Smith Ways Suite 013,Lawrencebury,New York,22510
162,Maria Stewart,xgraham@example.org,(760)740-0836x536,1987-07-11,170 Taylor Forest,Aliceville,Montana,59481
163,Regina Lewis,lyonsadrian@example.org,+1-901-618-7659x38765,1975-08-27,28637 Jose Mountains,Port Ryan,Minnesota,93912
164,Allen Alexander,diana60@example.net,670-781-7288x391,1971-07-31,2700 Kristen Run Apt. 807,Susanstad,Virginia,30579
165,Ronald Bryant,hebertmichael@example.com,(461)294-5330,1997-07-14,0637 Francisco Manors Suite 321,East Michelle,California,41459
166,Kenneth Morrison,waynemedina@example.org,+1-900-906-9150x391,1979-05-04,333 Sullivan Garden Apt. 870,Davidmouth,Colorado,44138
167,Stacey Murphy,murphyshawn@example.com,+1-398-474-5126x089,1988-09-28,1023 Gray Mission Suite 798,Kevinbury,Oregon,13432
168,Jamie Anderson,hcampbell@example.net,001-280-453-2259x53086,1971-12-10,821 Andrews Radial Suite 746,Randallmouth,Nebraska,38346
169,Douglas Montoya,gmurray@example.net,+1-217-239-6352x574,1992-07-08,559 Ferguson Flats Suite 645,Port Charles,Nevada,79641
170,Jason Jones,tammycombs@example.com,223.276.8841,1962-05-25,301 Barrett Plains,Jenniferside,Michigan,45343
171,Austin Maldonado,broy@example.net,264.883.5469x026,1963-05-18,27015 Spencer Spring,New Whitneyborough,Connecticut,92436
172,Helen May,acostaanita@example.org,(849)766-5709x5755,1968-10-22,7065 Johnson Shore Suite 961,North Brettmouth,Rhode Island,71955
173,Rhonda Armstrong,williambaker@example.net,7948876204,1969-02-28,56799 Fitzgerald Drives,Port Wesley,Iowa,16476
174,Cheryl Montgomery,brandy18@example.net,(239)828-2926x4957,1988-04-19,5101 Francis Place,Melendezshire,Wisconsin,13936
175,Jeanne Garcia,mbaker@example.com,+1-324-561-5498x61361,1982-12-30,6679 Rojas Causeway Apt. 398,Hicksshire,New Jersey,73726
176,Ashley White,walexander@example.org,950.374.1844x1243,1987-08-19,42371 Patel Ford Apt. 169,Cherylfort,Michigan,20086
177,Ronald Berg,rmurphy@example.org,+1-262-374-0123x5945,1996-11-19,7687 Campbell Burgs,Port Kimberlyview,Delaware,35007
178,Kristie Rodriguez,acollins@example.com,+1-936-357-9102,1961-11-30,441 Patricia Islands Apt. 842,Chelseymouth,New Mexico,04023
179,David Carroll,colegonzalez@example.org,(864)396-1183,1976-03-07,7688 George Freeway,East Joseph,Virginia,01688
180,Charles Robinson,xavier40@example.org,001-448-734-2425x3290,1991-07-16,278 Wilson Overpass,Maryport,Oklahoma,32372
181,Oscar Fuentes,shawn33@example.net,264.867.0057x40558,1978-09-13,24449 Sharon Drives Suite 570,Port Brandon,Arkansas,96070
182,Katherine Martinez,xmarquez@example.com,388-930-8425,1969-04-19,1592 Rosales Plains Apt. 172,New Leslieton,Maine,66720
183,John Jimenez,hardinjoel@example.com,001-495-563-3060,1956-08-18,0969 Roberson Lock,West Brandon,Washington,42766
184,Jessica Finley,smithgregory@example.com,(934)747-6573x0033,1953-03-01,50321 John Lane,North Loriburgh,Washington,30365
185,Tammy Ferguson,tjackson@example.com,(968)384-7329x4650,1964-11-30,90062 Christopher Estate Suite 044,Courtneystad,West Virginia,36493
186,Robert Clark,joshuaross@example.net,2232269848,1964-11-27,419 Ashley Fort Apt. 105,Allenfurt,Wisconsin,45419
187,Andrew Watkins,whitney21@example.com,001-286-463-5541x3628,1984-11-20,624 Graham Landing Apt. 936,Lopezmouth,Mississippi,99374
188,Teresa Martin,pblackburn@example.org,+1-271-708-5416x07698,1967-10-17,0731 Skinner Loaf Suite 024,South Holly,Oregon,81528
189,Jamie Rice,littlerandall@example.org,001-942-920-1416x175,1985-02-26,9486 Nancy Knolls,Lake Johnchester,Iowa,24254
190,Debbie Ramirez,ortizkimberly@example.net,4598663521,1965-03-17,122 Amy Shores Apt. 509,Cooleyview,Utah,05031
191,Ashley Watson,maynardpaula@example.net,920-548-4104,1989-12-16,49140 Obrien Lodge,New Jennaburgh,Michigan,65337
192,Valerie Peterson,sandra79@example.com,001-204-563-0927,1957-10-23,08370 Caroline Islands,North Eugene,Minnesota,28598
193,Robin Hernandez,christopherstephens@example.net,+1-994-545-3282x0629,1977-04-26,7117 Christopher Flats Apt. 096,Port Phillip,Maine,75250
194,Whitney Martinez,dpaul@example.com,+1-588-627-9610x76317,1955-05-19,91815 Williams Passage Apt. 922,Kelseybury,Washington,53610
195,David Wright,smithangela@example.com,001-454-674-3785x6900,1956-11-16,2392 French Villages,Lake Brooke,Utah,92801
196,John Stanley,joshua29@example.org,+1-451-451-4617x524,1998-12-21,0231 Kathy Road,Gomezmouth,Arkansas,43063
197,Paul Dodson,bfritz@example.com,(348)464-7185,1958-04-04,6098 Mike Stravenue,South Jenniferburgh,Kansas,91575
198,Nicole Perez,pmendoza@example.net,888.603.1797x42505,1952-09-16,790 Perez Crest Suite 453,Watsonview,Kansas,85803
199,Joseph Decker,matthewwalker@example.org,(240)286-6104x04874,1998-03-30,38078 Deleon Mall Suite 360,Navarrofurt,New Jersey,21659
200,Mary Hernandez,bryantomar@example.com,685-393-5473x9323,1950-04-26,55283 Karen Islands Suite 329,Port Adam,Missouri,01456
201,Hunter Flynn,leahmathis@example.com,+1-800-372-1126x7923,2000-10-09,760 Kimberly Coves,Port Davidburgh,New Mexico,59569
202,Henry Hale,duncanmichelle@example.net,001-745-840-4191x7776,1967-10-17,4593 Bowman Isle Suite 006,Reyestown,Georgia,29417
203,Mrs. Wendy Fuller,ngraham@example.org,671.347.0961x98648,1965-04-22,0310 Robinson Hills Apt. 210,Carmenfurt,Colorado,45595
204,Angelica Ellis,cwood@example.net,4392053569,1994-12-10,73821 Campbell Mountain,Lake Bobbyview,South Carolina,81178
205,Mark Parker,jessica86@example.net,408.727.1020x8781,1981-06-11,047 Michael Expressway Suite 148,Pierceborough,Texas,55913
206,Peter Jenkins,hughessandra@example.org,844.786.5024,1974-04-18,35191 Bryan Route Apt. 386,West Katherinehaven,Virginia,57873
207,Linda Carr,jeffery57@example.org,627-682-9084,1965-06-27,13163 Rogers Locks Apt. 225,Howardton,Virginia,69046
208,Lisa Mathews,bradley25@example.org,(361)687-3552x962,1970-10-05,43853 Annette Forge Suite 363,South Rachelville,Louisiana,81923
209,Aaron Brooks,marshjoshua@example.net,358.959.9811,1969-07-28,74863 Russell Lodge Suite 105,Port Miguel,Missouri,64244
210,Cassandra Landry,thompsonmark@example.org,8697892670,1951-09-21,650 Myers Flats Suite 133,Brianport,California,44702
211,Joseph Gates,brownangela@example.org,576.907.5879x216,1973-07-02,11396 Brent Village,North Mariahton,Georgia,96066
212,Jacqueline Young,megan30@example.net,(602)920-1619,1968-04-28,8322 Aaron Flats,Port Brenda,Wyoming,32145
213,Anita Smith,jasmine20@example.net,+1-341-939-2754,1999-06-01,12029 Patrick Mews Suite 048,Younghaven,Tennessee,78797
214,Jamie Cross,zhardin@example.com,8346393013,1972-04-04,9767 Ross Crescent Suite 506,South Louisville,Delaware,57809
215,Amanda Ferguson,sherylharris@example.org,838-209-0549,1990-09-11,4574 Randall Land,West Dawn,Missouri,25629
216,Diana Schneider,jrodgers@example.com,7217875250,1953-05-24,34893 Kristin Hills Suite 894,Garyberg,Kentucky,06305
217,Christopher Serrano,dlucas@example.org,721.962.8318x523,1954-02-02,80091 Hays Oval Suite 989,Cooleyside,Colorado,02554
218,Dawn Campbell,wcalderon@example.net,(899)800-1164x995,1951-10-09,146 Jones Mill,Blackside,Louisiana,92485
219,Cynthia Zimmerman,cheryl50@example.org,440-976-8427x981,1990-07-19,394 Maureen Lakes,North Robertton,Virginia,82535
220,Jonathan Ortega,ericgould@example.org,+1-892-912-6166,1964-02-11,7817 Stewart Trace,Lake Mark,South Dakota,67812
221,Samuel Rivera,hensonmichael@example.org,001-634-997-4143x53920,1970-07-28,1567 Joseph Grove,South Edwardhaven,Michigan,21857
222,Mark Jefferson,jerome54@example.com,001-711-889-5721,1994-10-29,73678 Shane Ports Apt. 814,Christopherport,Michigan,10187
223,Chad Sharp,dmarsh@example.org,(281)920-4562x81173,1991-09-04,3467 Kaitlyn Branch,Port Angelashire,Georgia,68650
224,Ronald Baker,mannmichael@example.org,254.238.1302x454,1954-10-31,190 Robin Orchard,Claudiafort,Alabama,24042
225,Rachel Lamb,richardsonfelicia@example.net,001-540-372-2215x8124,1995-01-09,91150 Lutz Forges,Mendozaland,North Dakota,10822
226,William Coleman,adambailey@example.com,+1-285-950-3013x27932,2000-12-17,6729 George Plain Apt. 774,West Ashleyton,Nebraska,77977
227,Monique Hutchinson,nathaniel68@example.net,001-627-790-6183,1953-02-28,19176 Kemp Port Apt. 647,North Kimberlychester,Delaware,73475
228,Jean Smith,christopherhicks@example.net,(459)702-9081,1986-01-24,02846 Jessica Route,West Johnborough,New York,26451
229,Jerry Johnson,elainekent@example.net,789.741.7429,1994-05-31,704 Jackson Manors,West Tracy,Montana,24161
230,Nicole Rice,pamela80@example.com,5122216995,1972-06-10,018 Jacob Pass Apt. 824,Millerport,Kansas,23892
231,Mary Gordon,pruittbrittney@example.org,799-962-1549x32875,1994-10-03,237 Sabrina Centers Suite 347,Smithport,Wyoming,30634
232,Vanessa Reilly,drewwilson@example.com,829.505.5748x6262,1963-11-20,723 Robin Circle Apt. 705,South Candace,Mississippi,65060
233,Patricia Moon,thomas35@example.net,601.701.2811x61093,1984-03-31,26907 Jose Ridges,Thomasbury,New Jersey,78948
234,Christian Obrien,gwilliamson@example.org,(458)493-2147x5417,1979-04-29,28080 Dylan Mountains,Prattberg,New Mexico,48224
235,Christopher Jenkins,xhebert@example.org,671-599-6944x241,1973-12-30,44444 Lambert River,Carrieview,Alaska,62561
236,John Jones,davidwhite@example.com,872-778-5051,1984-07-05,933 Austin Summit Suite 474,Port Marthashire,Wisconsin,47692
237,Adriana Hill,nancy48@example.com,+1-664-929-0891x016,1957-09-01,8543 Patricia Cliffs,New Michaelport,Oregon,63679
238,Anthony Petersen,dianehenry@example.org,362.864.5614x55064,1966-01-18,3836 Johnson Oval Suite 477,Carterberg,Delaware,12716
239,Candace Valentine,greenrussell@example.com,344-457-7483x9010,1984-05-20,9720 Murphy Hollow,South Victoriaside,Illinois,38981
240,David Gilmore,munderwood@example.org,604-402-2207x471,1974-02-24,51227 Rodney Branch,Carterfurt,Georgia,13232
241,Angela Bishop,daniel00@example.org,001-881-671-3588,1968-01-02,0330 Johnson Inlet,Lake Catherine,South Carolina,04530
242,Jose Garcia,victoria78@example.org,979-612-6009x098,1969-01-15,1506 Smith Gardens Suite 878,South Johnstad,Arkansas,78678
243,Spencer Tucker,stephanie09@example.org,+1-615-549-5052x3281,1998-03-17,529 Norman Lakes Suite 389,South Tony,Ohio,76213
244,Joseph Miller,heather47@example.org,(306)534-7273x588,1976-10-26,380 Judith Pines Apt. 589,North Jacquelineville,Oklahoma,79157
245,Robert Dunn,wrightcharles@example.net,+1-281-548-5572x45188,1959-07-11,2448 Davenport Inlet,Brendaview,Florida,62888
246,Michael Knox,paulbennett@example.org,+1-806-257-4301x83321,1971-03-16,5229 Corey Parks Apt. 133,Warrenside,South Dakota,44774
247,John Pearson,parrishamy@example.com,529.778.3386x392,1953-03-30,0282 Martin Ridges Suite 036,Christopherside,Iowa,28363
248,Jeremy Adams,michaelsanchez@example.org,+1-536-375-5226x916,1972-06-15,3056 Pacheco Estate,Vargasberg,Colorado,49032
249,Judith Rhodes,powellalexandra@example.org,+1-701-897-0761x06588,1966-12-03,696 Maxwell Overpass Suite 036,Davidview,Alabama,61710
250,Madeline Taylor,anthonylynn@example.net,001-506-508-1693,1980-03-20,102 Cummings River Suite 800,South Taraberg,Wisconsin,86273
251,Susan Stewart,dwilliams@example.net,(549)684-3768,1993-09-19,4672 Castro Avenue Apt. 657,South Jasonmouth,Utah,67350
252,Robert Roach,meyerkarl@example.com,(842)762-9654,1958-11-23,5357 Sanchez Canyon Suite 678,North Michaelport,Mississippi,78801
253,John Oliver,sydneycalhoun@example.com,(350)432-4206x897,1971-11-27,8634 Serrano Squares,Stevenberg,New Jersey,12043
254,Leah Lawrence,tyler05@example.com,(656)545-3171x61381,1951-08-31,59709 Ryan Lodge,Bennettland,Pennsylvania,59306
255,Tiffany Nguyen,hobruce@example.net,+1-446-497-3630x150,1990-07-30,48946 Shelley Parkways,New Patricia,Utah,21568
256,Charles Long,bradleycox@example.net,7608257008,1982-06-05,0713 Robinson Squares,South Rebeccaberg,West Virginia,52201
257,Edward Mccormick,mary41@example.com,982-346-8078x87100,1998-04-01,254 Kelly Rapids,West Carlos,Minnesota,15952
258,Erika Cross,parkernicole@example.com,540.709.5675x3805,1965-09-24,90783 John Key,Adrienneton,New Mexico,05566
259,Omar Parker,heather52@example.com,+1-396-314-5391x006,1981-07-21,335 Rodriguez Drive Apt. 220,New Joseph,Vermont,89304
260,Shawn Humphrey,vincentortiz@example.net,001-495-657-1863x367,1992-11-16,12279 Smith Crossing,Lake Tiffanyside,North Dakota,74991
261,Jon Mason,johnsonkayla@example.com,7438910444,1961-07-19,33901 White Spur,West Courtneytown,Louisiana,44200
262,Eugene Krause,brian86@example.org,2577795940,1992-11-05,900 Breanna Extension Apt. 216,Shawnmouth,Maine,36000
263,Daniel Webster,ellisonlaura@example.org,513.903.4245x931,1955-04-18,2236 Kathryn River,Ryanburgh,South Carolina,28586
264,Christina Miller,gnorris@example.com,789.407.2970x9670,1953-04-09,01400 Bush Trail Suite 551,New Desiree,Oregon,00720
265,Raymond Tran,kurtscott@example.com,998-903-8263,1951-08-10,7952 Murphy Oval Apt. 531,Coleborough,Wyoming,51803
266,Edwin Warren,donald82@example.com,277-505-6065x4134,1986-06-11,1268 Williams Lights Suite 583,West Tyler,Louisiana,41102
267,Todd Horton,lanekevin@example.net,953.756.8089x7062,1968-05-23,45907 Wright Viaduct Apt. 404,East Robert,Mississippi,76561
268,Victoria Campbell,jimmy56@example.net,+1-547-369-6687x5634,1964-04-23,1121 Ellison Summit Apt. 419,Albertmouth,South Dakota,63797
269,Stephanie Riley,hadams@example.org,+1-697-474-2055x9102,1985-12-03,9705 Farmer Motorway,South Angela,Vermont,76125
270,Duane Rivera,brianrobertson@example.net,522.434.1898,1977-11-23,5175 Brewer Drive,East Paul,North Carolina,62262
271,Tricia Reese,apaul@example.net,669.386.4386,1990-09-04,9123 Cindy Flats,North Joannachester,New Jersey,78761
272,Bruce Carter,christinarodriguez@example.net,271-203-2818x3893,1988-02-19,842 Morris Avenue Suite 612,Kristenview,Iowa,35056
273,Sarah Glover,csummers@example.org,231-598-1147,1972-06-17,639 Walker Tunnel,Allenberg,New York,94385
274,Hunter Ferguson,rfrazier@example.com,(500)648-0875x2674,1967-08-24,2112 Amy Path Apt. 288,Willisport,Massachusetts,87671
275,Robert Myers,debbie15@example.com,612-315-9497x49067,1958-08-28,08687 Jeffrey Ville Suite 524,West Luis,Pennsylvania,01663
276,Jeffrey Miller,glennamy@example.com,+1-289-409-3328x8388,1970-04-11,2390 Jefferson Camp Suite 288,Ellisville,Rhode Island,81206
277,Manuel Ferrell,cwheeler@example.org,(735)544-9739,1986-03-13,220 Amy Orchard Suite 998,Lauramouth,South Carolina,88286
278,Andrea Bridges,ericcollins@example.net,793.574.5507,1961-08-21,89682 Walker Green Suite 694,East Christophermouth,Kentucky,19528
279,James Allen,cheryl92@example.org,+1-816-617-6246x90438,1959-06-11,575 Mariah Greens Suite 150,North Brian,New York,70684
280,Justin Crawford,qwalker@example.com,708-265-5391,1972-01-12,35388 Tony Ways,Port Donnaberg,Alabama,08540
281,Preston Harris MD,tina92@example.com,624.256.4030x800,1971-07-14,17670 Martin Lodge Apt. 310,Davidbury,New Jersey,50337
282,Tara Silva,silvakimberly@example.org,801-277-5462x489,1956-02-07,4503 Hannah Trafficway,Port Dianaview,Oregon,54390
283,Richard Thomas,carterregina@example.org,(376)369-9672x8565,1988-11-10,090 Pamela Points,East Christophermouth,Louisiana,69587
284,Tommy Guzman,vhunter@example.org,+1-824-290-7523x256,1978-07-09,317 Shelly Stravenue,Port Billy,North Dakota,20751
285,Jamie Taylor,michelle87@example.com,001-535-393-4207x169,1962-10-26,5613 Brown Cape,South Shawn,Rhode Island,02040
286,Michael Burgess,uhoward@example.org,838.745.4724x805,1957-11-15,0404 David Underpass,Gallagherfurt,Delaware,42336
287,Katherine Daniels,colinrodriguez@example.org,252.743.6748x99170,1999-10-16,496 Matthew Station,Brownside,Delaware,96607
288,William Floyd,russellchristine@example.com,(483)792-2219,1997-05-06,28583 Howell Keys,Fletcherland,South Dakota,81181
289,Gabrielle Logan,leonardmary@example.org,474.352.9033,1962-03-20,41877 James Fords,New Timothy,Louisiana,31643
290,Lori Livingston,morancaroline@example.net,571.956.0041,1996-11-12,46812 Benjamin Mountain,Lake Samanthastad,Florida,62932
291,Phyllis Sanchez,brianmartin@example.org,(439)338-0896,1966-08-03,87520 Brown Haven Apt. 229,South Dawnfort,Illinois,16556
292,Mr. Brian Lindsey,dalvarez@example.com,(658)690-9327x05885,1980-02-27,2124 James Green Apt. 869,Lucasport,New York,28703
293,Jerry Parsons,manuel17@example.com,994-926-1357x23977,1988-07-31,492 Robinson Flats,Catherinemouth,Rhode Island,88946
294,Jason Garner,aramos@example.org,620-406-6104,1998-07-16,38983 Miller Cove,Lake Michaelstad,New Mexico,65331
295,Kathleen Kemp,victoriamiller@example.org,780-510-5666,1953-12-04,4147 Holder Shores Apt. 048,Lake Danaside,Arkansas,81155
296,David Curry,sharpkimberly@example.org,813.518.7670x590,1970-11-14,2200 Wood Ranch Suite 386,Davidbury,Louisiana,38296
297,Johnny Dawson,charlottelam@example.com,358-798-3080x3720,1955-04-13,66518 Michelle Summit Apt. 887,Collinsfurt,South Carolina,06519
298,Mary Thomas,wanda66@example.net,728.828.2961,1993-03-03,4898 Branch Rue Suite 070,Allenstad,Mississippi,76089
299,Jeffrey Morgan,michael54@example.org,001-378-457-9039x2769,1960-05-10,64871 David Cove Suite 875,New Danaton,Iowa,66721
300,Logan Cruz,ericgregory@example.net,(450)900-8843x84069,1965-01-16,999 James Burgs,Tylerburgh,Rhode Island,41283
301,Michael Lambert,bennettcolleen@example.net,437-626-9125x71406,1993-06-04,18226 Shane Corners,North Keithmouth,Arizona,77308
302,Hannah Torres,amy05@example.org,4808641141,1980-12-27,8873 Hutchinson Union,New Cheryl,South Carolina,48277
303,Anita Hancock,shelly77@example.org,941.297.6606x6323,1957-07-26,700 Rios Club,North Sarahton,Alabama,22124
304,Randall Nelson,allenkristin@example.net,+1-987-793-6885x5556,1958-11-20,29539 John Junction,Lake Joshuaport,Nebraska,39982
305,Kimberly Brown,ywatson@example.com,655.718.0892,1967-08-06,98103 Samuel Cliffs,Shelbyberg,Alaska,16120
306,Joan Taylor,thomas92@example.com,669-895-1033x6751,1969-09-19,702 Michael Inlet Apt. 549,Randyport,Wisconsin,62890
307,Kayla Berry,snorman@example.net,991.408.3561,1969-05-06,583 Susan Circle,East Ryan,Tennessee,21414
308,Sarah Schaefer,simpsonkevin@example.com,477-913-3801x1015,1985-11-23,80555 Brittney Lakes,Haleychester,Oklahoma,80669
309,Andrew Collins,alanthomas@example.org,001-493-453-3066,1969-05-13,865 Charles Mountain,East Carlhaven,Maryland,54999
310,Andrew Murphy,saundersamber@example.com,001-539-699-1390x177,1978-04-04,2721 Felicia Circle Suite 551,Ochoafort,Michigan,85928
311,Nicole Castro,brittany79@example.com,001-357-714-8220x373,1977-10-01,71897 Barbara Turnpike Suite 540,Dennisstad,Maryland,88700
312,Tami Hoffman,dereknguyen@example.com,+1-591-976-3655x6221,1988-10-03,310 Werner Pike,Bernardchester,Idaho,81914
313,Alexander Andrews,gcarter@example.com,482.764.3932x512,1992-10-06,016 Herring Burg,Jamesberg,Delaware,14939
314,Colleen Morgan,blake49@example.net,001-794-319-2452,1968-02-11,5881 Ross Dale,South Jasonfort,Massachusetts,12711
315,Crystal Thomas,duartedonald@example.net,(969)523-4687,1975-01-03,5492 Marshall Rue,Lake Julieton,Washington,85892
316,Alan Graham,hobbstheresa@example.com,001-514-791-0551,1962-03-24,256 Harrison Square Apt. 983,South Nicholasbury,Idaho,79109
317,Veronica Brown,lindsay47@example.org,+1-264-538-8716,1964-09-16,186 Jessica Coves Apt. 184,North Joseph,Oregon,28297
318,Whitney Bowman,yvonneward@example.com,001-320-878-8814x8043,1980-12-09,673 Jason Ramp,Lake Devonport,Georgia,09196
319,Jon Lee,mark86@example.org,(827)703-3482x4787,1973-05-15,98782 Courtney Spring,West Seanshire,Wyoming,89832
320,Jonathan Sellers,kevin40@example.org,001-742-816-1213x941,1999-10-25,688 Jefferson Pike,Lake Timothy,Nevada,04867
321,Steven Myers,brandyriley@example.com,791.295.9095x4521,1986-01-19,9271 George Fall,Grahamborough,Texas,22798
322,Valerie Lee,ana27@example.com,7212433054,1975-07-11,3823 Robinson Drive,Parkview,Arizona,04950
323,Michael Davis,nathan67@example.net,8789271917,1992-12-21,954 Waller Shoals,Richardsside,South Dakota,63543
324,Thomas Moore,uwilson@example.net,538.445.5685x7037,1993-09-27,336 Megan Point,Lake Ian,Iowa,25311
325,Blake Gillespie,jacobsjeffrey@example.net,+1-881-830-4629x44091,1954-07-17,600 David Plains,New Olivia,Missouri,34832
326,Lori Dawson,pmcmillan@example.com,711-727-6016x4631,1972-08-23,1804 Leslie Tunnel Apt. 661,Timothytown,Oregon,14399
327,Holly Vasquez,morrisdillon@example.net,308-605-0928,1957-12-24,9208 Regina Road,Kennethmouth,Ohio,72565
328,Heather Williams,gary03@example.net,(461)268-7583,1977-05-06,896 Wilson Stream,Ericfurt,Maine,32689
329,Jonathan Knight,stephenperez@example.com,+1-912-487-0118x300,1964-12-16,66863 Jeremy Field Apt. 353,Stephenfort,Arkansas,90402
330,John Walton,spencerhamilton@example.net,385-748-9008x4234,1974-06-03,66226 Lewis Passage Suite 880,Diazhaven,Florida,47813
331,Miranda Ward,mburton@example.org,858.827.3785,1996-04-01,7677 Weaver Divide Apt. 965,Port Regina,West Virginia,99124
332,Justin Morrison,teresa78@example.com,572-979-0988x71332,1953-03-10,8339 Moody Walks Apt. 151,Wrighthaven,Michigan,21273
333,Lauren Mcbride,patrickbell@example.org,711-394-7695x48672,2000-06-25,5290 Brooke Mills Suite 059,Martinside,Montana,34230
334,Thomas Brown,matthewcarlson@example.net,+1-472-488-3814x3131,1991-08-11,44161 Vance Divide Apt. 416,Morenoland,Ohio,92731
335,Dr. Brenda Taylor,stricklandshane@example.net,773-859-1105x9808,1964-08-15,15056 Proctor Fort Apt. 213,Floresside,Maryland,78840
336,Frances Green,grant90@example.net,279-986-2475,2000-01-26,7119 Bailey Junction Suite 539,Alejandroland,Alaska,43527
337,Chad Ibarra,westdaniel@example.org,+1-367-317-6654x28260,1989-08-26,1957 Paul Plains,West Jacob,Michigan,47093
338,Stacey Simpson,michaelsara@example.net,(939)535-3837x3174,1980-02-24,0686 Perkins Square Suite 534,Wattstown,New York,40784
339,Spencer James,shawn81@example.org,899.283.2644,1983-12-22,71246 David Squares Apt. 109,New Luisburgh,Connecticut,24163
340,Regina Avery,donald23@example.com,716.908.9299x3878,1964-02-12,48411 Amber Crossroad,Ryanside,Massachusetts,22897
341,Cynthia Clarke,leejill@example.net,630.862.3319x519,1985-11-11,08382 Scott Station Suite 667,New Deborahbury,Arkansas,11231
342,Kathleen Hobbs,martinezgrace@example.org,3464623817,1967-06-29,3491 Burnett Ford Suite 150,Baileymouth,Georgia,37102
343,Sharon Mann,gmoore@example.com,383.359.1891x7592,1972-10-18,781 Jackson Fields,Ryantown,Tennessee,36066
344,Aaron Smith,sarahgriffith@example.net,443.616.8873x5762,1967-10-04,6368 Roberts Trace Apt. 667,North Elijah,Maryland,96160
345,Charles Ibarra,brandi55@example.net,(584)772-5571,1984-04-25,700 Wong Pass,Michaelton,Maryland,21186
346,Emma English,nicolenelson@example.org,958-975-8694x40461,1988-01-11,1355 Scott Extension,New Jonathanview,Maryland,54260
347,John Chavez,davidsonpatricia@example.com,(680)607-0766x9452,1962-07-25,0625 Reid Curve,East Zacharyburgh,New Hampshire,93335
348,David Ruiz,mthornton@example.net,332.630.7230x9512,1998-06-04,327 Schmitt Orchard,Charlesshire,Maryland,96321
349,Michael Abbott,mcknightconnor@example.net,+1-551-752-5062x0158,1983-06-14,798 Velazquez Cliffs Apt. 136,Jimstad,North Carolina,95523
350,Marie Christian,parkerbrandon@example.net,(763)733-3042x2151,1974-02-16,0812 Jeffrey Drive,Flowersbury,Vermont,12767
351,Joshua Hester,alfredholmes@example.org,457.251.2618x569,1953-11-23,179 Wolfe Spur Suite 509,New Jack,Rhode Island,72524
352,Veronica Barker,eporter@example.net,(387)654-4843,1996-11-05,168 King Ferry,West Nathanielborough,Illinois,89793
353,Kim Elliott,dyoung@example.org,421-709-6099x9709,1963-11-12,52690 Gina Grove Apt. 403,East Andrewview,Rhode Island,22872
354,Jesse Johnson,brianfields@example.org,+1-709-391-1860x66074,1956-04-20,32689 Catherine Radial,Courtneyberg,Pennsylvania,58041
355,Kimberly Combs,kevinbrown@example.org,502.296.8480x500,1993-11-13,267 Dustin Ranch Apt. 358,West Christopherberg,Connecticut,85469
356,Keith Smith,chasefloyd@example.com,247-545-2893x3088,1992-11-09,967 Christensen Rapids Apt. 861,Jamestown,Missouri,49913
357,Tamara Ray,zavalasandra@example.net,+1-349-283-0125,1980-02-16,9855 Kathy Tunnel,East Mariachester,Maine,43422
358,Alyssa Baker,brandithomas@example.org,6137856551,1987-10-09,894 Harrell Shore,Port Michaelside,Delaware,89381
359,Michael Martinez,michaeltaylor@example.net,778.239.9852x746,1964-12-30,17522 Gutierrez Underpass Apt. 129,Courtneyberg,Louisiana,16271
360,Logan Valentine,guzmanraymond@example.org,001-742-836-4904,1958-04-04,68983 Meyers Lodge,North Adam,Mississippi,39349
361,William Miller,frichardson@example.org,(325)650-8006,1976-11-12,75807 Adam Well Suite 024,West Christinebury,Idaho,90778
362,Lauren Reyes,darrenconley@example.org,689-932-3724,1969-08-19,31585 Lewis Rue Apt. 439,Hallview,Nebraska,44846
363,Angela Buchanan,gutierrezjessica@example.com,969-321-9222x20876,1990-06-18,76962 Katelyn Corners Suite 362,South Tara,North Carolina,85802
364,Dr. Jennifer Rivas,ttapia@example.org,982.870.4127x78713,1982-09-20,547 Brown Street Apt. 122,North Xavierborough,Georgia,39148
365,Bruce Sanford,petersonearl@example.net,710.753.1596x317,1958-07-04,09447 Donald Forge Suite 431,Adamburgh,Florida,13107
366,Lisa Kelley,jasonduncan@example.com,780-523-6190x0410,1968-05-30,29234 Adams Manor,Port Mark,South Carolina,87148
367,Dr. Andrew Edwards,daughertypeggy@example.com,459.854.9474,1962-04-21,72982 Farrell Squares Suite 957,Colemanview,Pennsylvania,05211
368,Amber Williams,michaelfarmer@example.com,8727214022,1973-05-13,37276 Miller Fort,East David,Idaho,78708
369,Alicia Wilson,ucummings@example.net,308.718.8836x41066,1951-07-13,963 Amber Brook Suite 510,Jenniferburgh,Nebraska,97136
370,Daniel Williams,tamarawalker@example.net,+1-439-267-8164,1978-01-04,37555 Sherry Centers Apt. 465,Douglashaven,Alaska,67311
371,Megan Boyd,daniel67@example.org,(548)931-5718x51046,1983-09-11,988 Danielle Roads,Markburgh,South Dakota,01414
372,John Pearson,annbrown@example.com,321-344-7874x1551,1984-04-29,7115 Reilly Way Suite 609,Salasburgh,Oklahoma,74759
373,William Anderson,bethmitchell@example.org,001-760-496-6509,1984-11-03,3504 Edwards Walk,Maldonadotown,North Carolina,74501
374,Matthew Spears,mitchellperkins@example.org,001-655-887-0013x53325,1978-10-12,447 Collins Land Apt. 806,Hunterborough,Colorado,09620
375,Daniel Carlson,woodjames@example.net,001-220-361-2776,2000-09-08,5731 Johnson Parkways Apt. 073,Port Shane,Kansas,35580
376,Brad Miller,kimberlyperez@example.org,+1-227-246-1170x01589,1969-10-11,91749 Lynn Lock,Lake Lauren,Illinois,26886
377,John Barnes,kimberly78@example.org,(582)952-4526x535,1954-03-23,22249 Wilkerson Cliff,East Zacharyside,New Hampshire,39937
378,Jonathan Morris,lewisdebra@example.org,597.501.9743x7652,1984-04-06,047 Ian Locks Apt. 986,East Marie,Idaho,61243
379,Kimberly Rangel,steven08@example.com,001-374-558-8154x0414,1985-06-28,664 Thomas Cliff Suite 107,East Patrick,New Jersey,74336
380,Mason Beck,zmadden@example.net,999.323.2201x745,1967-09-29,6226 Allen Locks Apt. 301,Markberg,Pennsylvania,07699
381,Jennifer Blevins,dbowers@example.org,843.286.2197,1990-12-10,5833 April Points,Carolynmouth,Wisconsin,24226
382,Stephanie Campbell,sydney43@example.org,925.861.3722x422,1973-04-02,90821 Henry Isle,Shahstad,Ohio,66886
383,Scott Price,walkermelissa@example.net,6575287676,1988-07-16,23123 Young Wall Suite 266,Robertbury,Louisiana,66755
384,William Woods,anna87@example.org,970.996.7620,1991-10-30,9116 Joseph Village Suite 201,East David,South Dakota,16593
385,Nathan Kelly,zward@example.net,001-464-537-2689x2504,1998-03-07,465 Brandi Terrace,South Sean,New Hampshire,46716
386,Rita Moran,phillipstracy@example.net,959-904-3126x688,1987-07-20,976 Williams Meadow Apt. 434,Angelabury,Arkansas,31349
387,Jennifer Anderson,walterscolton@example.com,702-931-2986,1985-10-22,358 Montgomery Prairie,New Gavin,Mississippi,56927
388,Patricia Hill,michael87@example.com,001-727-786-2622,1995-03-16,359 Bush Shore Apt. 948,Scottfort,Illinois,96311
389,Troy Strickland,fbell@example.net,492-816-8053,1969-03-08,61513 Williams Rapid,East Justin,Vermont,44560
390,Erika Martinez,corey63@example.com,001-498-892-8824x284,1994-08-08,35748 Randolph Walks Apt. 076,Mckenzieland,Idaho,29373
391,Michael Jones,laura77@example.org,001-968-329-1319x168,1957-05-20,61463 Wagner Lakes Apt. 485,Kingport,Connecticut,70316
392,Ashley Cunningham,benitezchristopher@example.net,281-971-4128x904,1978-06-25,86600 Michelle Mission Apt. 251,Billstad,Delaware,12712
393,Stephanie Parsons,williamnielsen@example.org,398-680-4815x8599,1976-03-24,841 Wolfe Flats,East Brianna,South Carolina,39114
394,Nicole Reynolds,tonya58@example.com,226.944.3025x682,1963-09-11,298 Melissa Throughway,Delacruzburgh,North Carolina,45571
395,Travis Robinson,erica39@example.com,+1-642-375-7132,1994-08-13,705 Joseph Island,Margaretmouth,Minnesota,13387
396,Sandra Smith,fredsmith@example.org,425-398-6414,1957-08-18,7706 Villegas Bypass,Mosestown,Delaware,14046
397,Tanya Moreno,davisstephanie@example.org,534-867-9224x5840,1990-03-16,810 Kevin Springs,Donnaview,Kentucky,94600
398,Lisa Campbell,greenbrandon@example.org,+1-559-357-3865x023,1979-07-27,926 Ethan Alley Suite 922,Lake Luis,Tennessee,66114
399,Christian Carlson,crystalallen@example.net,+1-239-943-0424,1983-08-18,9483 Steven Alley,East Robert,Montana,64277
400,Linda Wright,mercerdanielle@example.com,694-432-3049,1965-08-28,5098 Manning Roads,Stevensfurt,South Carolina,67784
401,Carl Vargas,pamelaanderson@example.net,410-416-6216,1951-06-19,5126 Ponce Estates Apt. 264,New Joseph,Pennsylvania,54288
402,William Watkins,vgarza@example.org,+1-476-721-5759x1948,1980-08-25,195 Emily Summit Suite 031,Port Kevin,Pennsylvania,35494
403,Jeffrey Maddox,kimberlyhampton@example.org,217.774.4251x436,1958-09-22,580 Williams Roads Apt. 599,South Robertland,North Carolina,82815
404,Ryan Jones,hobbspatrick@example.org,+1-738-401-5637x41532,1992-04-03,20954 Carr Pines,Moniqueborough,Iowa,84473
405,Laurie Kirby,jbrock@example.org,786-871-1895x86840,1973-09-03,7410 Tyler Groves,West Amberstad,New Hampshire,40349
406,Tiffany Stevens,samuelvalentine@example.com,956.826.7087,1997-10-25,3897 Kevin Spur,Rushmouth,Nevada,19188
407,Rebecca Navarro,turnersabrina@example.org,677.664.1220x861,1984-07-05,03103 Kevin Tunnel,New Stephanie,Kentucky,32618
408,Melanie Mata,collin21@example.org,200-537-4507x2864,1982-06-28,944 Fields Plain,Port Zachary,Minnesota,11874
409,Tanya Allen,lshah@example.net,(603)929-9362x27064,1987-04-29,035 Higgins Union,South Evan,Massachusetts,66855
410,Brian Miranda,sean67@example.net,+1-499-730-1926x55058,1979-04-10,63574 Rebecca Roads Suite 390,Knightside,Delaware,24257
411,Amanda Wilson,muellermelissa@example.org,641.200.6626x58370,1981-10-31,1121 Stephanie Trafficway Apt. 932,West Tonyachester,Wyoming,96250
412,Kelly Salas,benjamindean@example.org,+1-722-385-5428x69942,1956-05-24,2419 Jones Squares Suite 846,Laurashire,Michigan,03564
413,Aaron Martinez,joelberger@example.org,(746)304-8290x34899,1978-08-17,64972 Rosario View,Lake Lindaview,Connecticut,51791
414,Kevin Nelson,lharris@example.org,364-667-0505x0920,1996-01-02,19050 Sanders Trail Apt. 640,South Michaelchester,Tennessee,83138
415,Monique Henry,aguilarbrian@example.org,(984)816-8353,1978-06-04,6422 Edward Terrace,South Ryan,Idaho,87029
416,Andrea Eaton,qmartin@example.org,(501)443-8779x13818,1992-06-06,49393 Pena Radial Suite 184,Jameston,Connecticut,78081
417,Linda Rodriguez,timothymoore@example.net,+1-613-223-5910x800,1970-06-23,505 Willis Isle Suite 512,Lake Brittanyside,Louisiana,74149
418,Ryan Anthony,ashleyduncan@example.org,(696)887-4503,1974-06-15,15384 Miller Field,North Kevinborough,South Dakota,08540
419,Kathryn Hernandez,saragregory@example.org,001-282-521-1573x506,1956-02-24,5089 Wilson Parkway Apt. 647,Lake Brettmouth,Kentucky,90565
420,Michelle Johnson,phillipjones@example.com,800-653-4139x4451,1990-05-11,25309 Andrea Inlet Suite 656,Lake Erikfurt,Georgia,13320
421,Michelle Snyder,mmosley@example.net,213-637-2180x6012,1987-05-20,25017 Clark Coves,Port Sabrinastad,Nebraska,74611
422,Alicia Odonnell,robynchavez@example.com,+1-621-229-3953x53526,1962-01-29,451 Ryan Brooks Suite 701,West Dwayne,Connecticut,40208
423,Erica Prince,msoto@example.com,406-544-2054x180,1978-06-11,837 Tapia Field,Leestad,Utah,93445
424,Edward Owens,rodgersisabella@example.com,766.335.7726x8323,1967-01-10,63128 Jason Valleys,North Phillipberg,Oklahoma,95266
425,Virginia Weaver,gallowayshelly@example.com,001-907-841-5281x49489,1981-02-08,66696 Escobar Locks Apt. 333,Timothyborough,Nebraska,71966
426,Melinda Wright,james58@example.net,001-796-340-4236x77150,1953-11-04,0095 Luna Mountain,Port Stevenland,Minnesota,10467
427,Heidi Ray,carpenterbrandi@example.com,723-940-6159x97045,1968-04-06,953 Jones Hollow,Rebekahville,South Dakota,32897
428,Steven Peters,olivermary@example.org,2433698619,1958-12-24,08634 Mcintyre Lodge Apt. 483,Michelleview,Idaho,48314
429,Miguel Conrad,amorrison@example.com,396-396-1146x109,1982-05-14,6817 Landry Squares,South Peterbury,South Dakota,53810
430,Penny Green,thomas86@example.net,(679)572-3384x151,1962-07-09,00635 Hughes Road Apt. 774,Lake Jacquelineshire,Louisiana,10427
431,Luke Peterson,stevenclayton@example.com,7689120717,1974-08-15,1902 Cohen Corners,Jonesstad,Florida,67811
432,Jose Manning,kgolden@example.com,689-340-3229,1955-10-23,08942 Adrian Corners,Meyersburgh,Idaho,96804
433,Jason Shaw,catherinehardy@example.org,(549)605-5704x9070,1965-10-08,75338 Sandra Crossing,East Johnfurt,Washington,96587
434,Ariel Hays,teresa93@example.com,001-826-376-9231x6450,1965-12-02,8931 King Avenue Suite 545,Martinhaven,South Carolina,13721
435,Patricia Weeks,samanthadonovan@example.net,+1-548-241-0639x750,1967-11-14,541 Mary Ridge,Bensonberg,Nevada,11303
436,Zachary Green,harrylopez@example.com,945-725-4439,1984-01-31,60203 Small Haven,Ramirezmouth,West Virginia,88833
437,Sarah Foster,anorton@example.com,242-215-3935x720,1967-05-09,216 Bethany Camp Apt. 840,Mcculloughmouth,Delaware,61098
438,Jay Smith,adrian51@example.com,(716)665-7719x9788,1967-05-23,18601 Farley View,Robinshire,Virginia,00880
439,Stephen Carter,uweiss@example.com,629.795.0452x1603,1986-07-11,4454 Mendoza Stream Suite 925,Gibbsstad,Alabama,08429
440,Amber Carpenter,etucker@example.com,001-961-951-6652x37146,1953-10-20,660 Turner Glens,Riverafort,Alaska,26911
441,Lisa Lopez,dianahernandez@example.com,(772)677-9858,1978-10-17,639 Christopher Glen,Philipstad,Vermont,68639
442,Debra Armstrong,collinsrobert@example.com,001-259-512-0093,1973-05-04,2036 David Pass Apt. 132,Port Vanessa,Virginia,10788
443,Jason Crawford,rhancock@example.net,(857)831-9575,1998-07-23,604 Bailey Avenue Apt. 010,New Steven,Idaho,31571
444,Andrew Bradley,zmarsh@example.org,(221)457-5067x41361,1968-03-21,40046 Ruiz Bridge,Toddmouth,West Virginia,01645
445,Stephanie Murphy,josephhenderson@example.com,(443)425-8784,1957-04-03,138 Oscar Union Suite 567,Greenfort,Oregon,28051
446,Joshua Morgan,angelareilly@example.com,242-415-5628x171,1994-07-31,074 Rebecca Avenue,Cookmouth,Connecticut,56666
447,Sarah Johnston,bailey77@example.org,(563)335-3760,1980-04-23,38137 Morris Fork,Michaelmouth,Pennsylvania,12111
448,Gregory Smith,ggibbs@example.org,759-789-2761x116,1958-10-19,23377 Angela Field Suite 025,New Dakotatown,North Carolina,64992
449,John Hunter,wilsondiana@example.com,+1-976-813-3189x7705,1996-10-15,8249 Jason Groves,Randallberg,Iowa,94172
450,Barbara Lynn,fswanson@example.com,241-686-1486,1999-12-12,8785 Jennifer Villages Suite 525,Sloanville,Indiana,11566
451,Robert Hernandez,ibright@example.org,336-931-5674x1868,1983-04-18,839 Michelle Locks,West Patriciatown,Indiana,95912
452,Sonya Johnson,johnsoncody@example.com,+1-489-851-4586x94734,1977-04-23,394 Moore Curve,Monroeland,Nebraska,32024
453,Carlos Norton,davidgarner@example.com,653.252.7139,1966-08-06,09394 Dougherty Mountain,Torreston,Hawaii,67637
454,Kelsey Hines,christopher20@example.net,331-770-3568x018,1984-08-07,19653 West Land,East Dennisshire,Arizona,86269
455,Ethan Crawford,aguilarjames@example.net,854-772-5870,1976-01-17,56907 Susan Gardens Apt. 210,Nguyenside,Montana,54964
456,Dominic Ho,susangraham@example.com,001-588-766-7846,1970-10-26,2805 Becky Crossroad,Barbaraberg,Nevada,30327
457,Charles Taylor,brownkenneth@example.org,4094938150,1953-02-19,94093 Francis Inlet,Lake Anthony,Ohio,04188
458,Larry Figueroa,maryhooper@example.org,219.289.2209,1950-04-17,65142 Phillips Cape Apt. 494,East Tyler,Michigan,06265
459,Joshua Lindsey,pittmantimothy@example.com,248.763.4324x40723,1978-05-08,1771 Karen Stravenue,Port Royton,Oregon,50175
460,Victoria Ross,milestammy@example.com,676.716.3991,1953-03-05,8284 Moreno Curve,East Andrew,Michigan,22680
461,Ronald Ross,nkeith@example.org,423.321.5220x0572,1999-09-28,7790 Rojas Land Apt. 659,Schroedertown,Utah,24087
462,Tasha Smith,richardrussell@example.com,001-495-418-6958x98740,1972-06-23,10422 Robin Spur Apt. 296,Fisherside,New Hampshire,86657
463,Dylan Moore,crystalbailey@example.com,001-421-853-9391x9169,1996-08-13,37805 Cooper Route Suite 399,Thomasburgh,Delaware,17723
464,Joanne Brown,lscott@example.net,798-624-7231,1970-01-02,8383 Craig Walks,Brooksborough,Maryland,09167
465,Cheryl Diaz,whitekatherine@example.org,001-663-360-5394x02807,1962-01-31,18743 Maxwell Station,Port James,Connecticut,92706
466,Denise Kelly,daniel65@example.org,4799157150,1985-08-19,0749 Kennedy Forest Suite 412,Ryanborough,Mississippi,10203
467,Samuel Hill,andersonbrian@example.org,(201)349-6039x3700,1962-04-19,55603 Ford Forge Suite 255,North Tim,Massachusetts,17885
468,Lauren Barrett,tiffanywheeler@example.net,001-809-826-5719x980,1958-08-06,17239 Henderson Knoll Apt. 469,Lake Thomasfort,Arizona,78257
469,Allison Roach,pingram@example.com,(805)477-4943x863,1955-08-16,40464 Washington Port,Port Clinton,Minnesota,03754
470,Johnny Atkinson,colemanpeter@example.org,(355)739-9293,1977-11-09,957 Garcia Shoals Apt. 385,Nicholasburgh,Alaska,04851
471,Brian Sanford,heather25@example.net,663.611.8078,1979-06-08,204 Pope Port Suite 508,East Jasmin,Pennsylvania,62613
472,Anthony Dunn,christian64@example.net,001-264-834-9309x05442,1951-03-06,2275 Caroline Lakes,Vincentfort,Michigan,09336
473,Kathleen Coleman,hillbenjamin@example.com,634-865-9047x2576,1971-06-18,66543 Pena Camp,Timshire,Nevada,74597
474,John Prince,jacksonkathryn@example.com,883-496-7623x58452,1965-11-10,7628 Nichols Springs Apt. 570,Santosborough,South Carolina,87869
475,Christy Burns,joshuasampson@example.org,(302)237-9346x027,1992-09-08,5702 Craig Station Suite 715,Ryantown,Montana,28013
476,Brian Williams,laurencummings@example.com,607-352-0786x852,1960-03-01,93038 Scott Mills,Lake Benjamin,Kansas,63352
477,Keith Whitehead,ghale@example.net,+1-381-692-1610,1979-06-05,5345 Ryan Ramp Apt. 006,Fisherchester,Washington,78322
478,Karen Richardson,glewis@example.org,+1-277-381-5746x18351,1955-09-16,881 Yu Fork Suite 651,South Andreaview,Oregon,36463
479,Shannon Hernandez,zsmith@example.net,428.639.3164x8520,1963-07-03,1600 Edward Village,Port Anne,Michigan,29105
480,Thomas Jimenez,stevensvanessa@example.net,300-864-4120x578,1963-05-14,1503 Mcgrath Meadow Apt. 174,South Nicole,Maine,33880
481,Jacqueline Palmer,qwise@example.com,(628)282-5127,1966-01-20,26797 Greg Walk,Brownland,South Carolina,58458
482,Kristen Mcbride,joshua62@example.org,001-746-811-4287x603,1983-10-28,680 Moore Mission Apt. 719,Joneston,Illinois,92657
483,Christopher Collins,lauriehill@example.net,(391)775-3464,1989-02-21,85159 Taylor Highway,Amandafurt,South Dakota,63331
484,Beverly Smith,michelemartin@example.net,726-588-5228,1973-08-08,04150 Alexandria Pine Apt. 667,New Maryshire,Alaska,77305
485,Jared Smith,kelliwalker@example.net,+1-442-823-3632x97756,1994-10-11,5508 Christina Falls,Tinafurt,Iowa,99018
486,Christina Gutierrez,jeffreysmith@example.net,799-333-5193x583,1974-07-22,470 Huffman Corner Suite 249,Lake Sean,Alaska,23111
487,Gabrielle Sanchez,paul06@example.net,492-933-0098x87976,1979-09-20,034 Kathleen Dam,West Seanport,New Jersey,91965
488,Eric Anderson,rebeccapaul@example.net,(799)665-1797,1970-08-06,76871 Laurie Locks Apt. 110,Michaelside,Montana,10395
489,Mary Mitchell,wsimpson@example.net,+1-689-585-8779,1976-07-05,18499 Michele Haven,New Wanda,Alaska,86644
490,James Bradford,rebeccabowen@example.org,(594)394-3477,1980-10-16,18317 Richards Key,New Adrianland,Rhode Island,24271
491,Kathy Evans,kara34@example.com,001-970-935-8807,1982-07-02,149 Vanessa Park Apt. 295,Geraldport,Montana,81809
492,Ashley Caldwell,heatherkrause@example.com,+1-329-760-1474x563,1965-03-29,7071 Thomas Mall Apt. 571,North Jodiside,Nebraska,45376
493,Catherine Knight,pamelathompson@example.net,639.355.7775,1975-11-02,0526 Lin Shoal Suite 667,East Stephen,Alaska,85276
494,Crystal Jenkins,sarah37@example.com,833.532.5755x318,1978-12-29,6357 Douglas Ports Suite 103,South Alexanderville,Louisiana,47960
495,Kristin Kaufman,tracy75@example.org,522-763-3816,1979-02-22,63062 Lawson Circles,Riverastad,Hawaii,93500
496,Robert Ballard,whays@example.org,948-588-0869,1968-04-07,9052 Jasmine Extensions,Hartmouth,New Jersey,42695
497,Richard Kirby,zwoods@example.com,(284)881-9265x287,1999-06-18,88590 Cathy Grove Suite 740,Port Nicole,Wisconsin,32797
498,Kristen Sanchez,tinacampbell@example.org,+1-810-863-4289,1976-11-24,04559 Connie Skyway,Shepherdmouth,Rhode Island,62164
499,Sean Gutierrez,wfernandez@example.org,8554847512,1954-11-15,40445 Jennifer Land,Lake Kylefurt,New Hampshire,16932
500,Ashley Sanchez,gdavis@example.net,(856)298-5267,1980-06-04,049 Tammy Ridges Suite 804,West Sheri,Massachusetts,89844
