UnderwriterID,Name,Email,PhoneNumber,Specialty,YearsOfExperience,OfficeLocation
1,Daniel Gutierrez,lucerocarrie@example.net,677-462-6754,Property,19,Port Jeffrey
2,Rodney Hill,james58@example.com,001-695-350-9095x7799,Life,4,Lisaburgh
3,Trevor Chambers,dianabryant@example.org,(816)689-1920,Property,18,Davismouth
4,Joseph Gomez,heidilang@example.net,739-618-6678,Life,14,Henryborough
5,Bailey Haynes,phelpsluis@example.org,3432321759,Auto,13,South Pamelachester
6,Amber Ray,scottmueller@example.net,(836)538-7311,Auto,14,Angelaview
7,Leslie White,margaret67@example.org,648.283.7235x18066,Auto,12,Lake Markview
8,Caleb Sandoval,beardchelsea@example.net,001-946-265-0171x83397,Life,17,Lake Kyle
9,Jasmin Newton,ilevy@example.com,001-493-813-6296x4373,Life,13,Charleston
10,Jennifer Martinez,lambertkenneth@example.com,961-427-0274,Health,16,West Ricardohaven
11,Brenda Martinez,karen52@example.net,(328)443-0720,Property,15,Rebeccastad
12,Amber Miller,avazquez@example.net,522.852.4221x89306,Life,10,East Nicholas
13,Steven Green,cgreen@example.com,251-473-1381,Property,8,South Ericberg
14,Melissa Russo,osmith@example.org,+1-422-636-5113x79836,Health,13,New Anthonyburgh
15,Justin Salinas,kimmccormick@example.net,217-531-4881x700,Life,13,Port Katie
16,Mark Velasquez,kathy87@example.com,3465182731,Life,15,Foleyland
17,Tammy Pope,plarsen@example.net,233-490-9762x27039,Auto,11,Ericshire
18,Debra Vasquez,makayla75@example.net,806.268.0688x7856,Life,18,Edwardtown
19,Melissa Rowe,kellycurtis@example.com,001-233-271-4492x5630,Health,15,Josephfort
20,Samantha Hamilton,tdunn@example.org,(827)828-4420x07918,Life,15,Stevenborough
21,Matthew Castillo,dennis75@example.net,938.443.9464,Auto,12,Wrightport
22,Virginia Fernandez,phubbard@example.org,+1-947-605-7743x5506,Auto,11,South Deborahborough
23,Joseph Robbins,virginiathomas@example.net,001-526-905-5452x9083,Auto,12,East Beverly
24,Dana Raymond,rcarr@example.net,001-486-328-5302x50570,Life,15,Simpsonstad
25,David Knapp,schwartznatalie@example.net,+1-354-842-4507x514,Property,5,Lauraton
26,Tamara Cole,jonesbradley@example.com,837.854.0915,Auto,4,Careyton
27,Heather Martin,torresdenise@example.org,+1-828-964-1811,Auto,14,South Patrick
28,Amy Schultz,jglenn@example.net,(846)962-7064,Health,3,Lake Michellemouth
29,Randall Holt,scottjimenez@example.net,(318)869-2560,Life,7,West Amber
30,Dr. Margaret Schmidt,frank05@example.net,001-741-403-5804x93639,Property,6,Brooksfort
